{
    "loss": 8.762614250183105,
    "accuracy": 0.686274528503418
}